,School,G,W_Tot,L_Tot,W-L%,Simple_Rating_System,Stregnth_Of_Schedule,W_Conf,L_Conf,W_Home,L_Home,W_Away,L_Away,Tm_Pts,Opp_Pts,MP,FG,FGA,FG%,3P,3PA,3P%,FT,FTA,FT%,ORB,TRB,AST,STL,BLK,TOV,PF,Season
0,Abilene Christian,32,16,16,.500,-5.84,-2.39,8,8,10,5,5,10,2260,2250,1290,819,1845,.444,146,483,.302,476,666,.715,355,1081,421,331,94,476,670,2025
1,Air Force,32,4,28,.125,-8.07,3.65,1,19,3,13,0,14,1982,2357,1290,680,1616,.421,259,783,.331,363,572,.635,236,956,428,181,91,433,571,2025
2,Akron NCAA,35,28,7,.800,3.22,-3.75,17,1,16,0,8,4,2941,2627,1405,1060,2260,.469,376,1038,.362,445,590,.754,414,1347,621,267,131,414,623,2025
3,Alabama NCAA,37,28,9,.757,25.54,16.14,13,5,12,3,9,3,3355,3007,1490,1147,2371,.484,390,1104,.353,671,932,.720,459,1567,636,228,167,469,700,2025
4,Alabama A&M,32,10,22,.313,-20.52,-9.93,6,12,8,9,2,12,2337,2521,1300,795,1966,.404,257,807,.318,490,738,.664,447,1172,432,266,131,513,687,2025
5,Alabama State NCAA,36,20,16,.556,-8.99,-8.19,12,6,8,3,6,10,2630,2607,1445,927,2290,.405,320,978,.327,456,665,.686,417,1303,418,285,101,327,662,2025
6,Albany (NY),33,17,16,.515,-9.75,-8.55,8,8,7,7,8,8,2463,2437,1335,901,2044,.441,238,736,.323,423,591,.716,392,1117,414,273,77,357,575,2025
7,Alcorn State,32,11,21,.344,-14.06,-6.96,11,7,6,3,5,17,2081,2307,1285,754,1833,.411,171,538,.318,402,561,.717,377,1087,329,211,86,418,544,2025
8,American NCAA,35,22,13,.629,-7.64,-6.85,13,5,14,2,5,10,2406,2370,1420,840,1893,.444,299,859,.348,427,566,.754,270,1057,441,229,66,389,625,2025
9,Appalachian State,31,17,14,.548,-2.59,-3.83,10,8,10,4,5,8,2102,1970,1245,738,1692,.436,240,697,.344,386,593,.651,304,1145,389,171,114,335,414,2025
10,Arizona NCAA,37,24,13,.649,22.94,13.72,14,6,13,3,6,5,3052,2711,1490,1076,2268,.474,266,787,.338,634,813,.780,456,1470,598,279,162,421,625,2025
11,Arizona State,33,13,20,.394,10.62,13.32,4,16,5,9,3,8,2444,2533,1335,830,1892,.439,287,806,.356,497,685,.726,289,1123,424,174,146,411,562,2025
12,Arkansas NCAA,36,22,14,.611,17.09,11.70,8,10,14,4,4,6,2765,2571,1450,978,2115,.462,253,774,.327,556,752,.739,343,1283,510,271,202,414,583,2025
13,Arkansas State,36,25,11,.694,5.81,-2.40,13,5,14,2,8,6,2858,2528,1450,986,2313,.426,339,1044,.325,547,752,.727,481,1466,513,264,160,376,658,2025
14,Arkansas-Pine Bluff,31,6,25,.194,-24.34,-8.44,3,15,4,8,2,17,2242,2602,1240,834,1838,.454,225,696,.323,349,589,.593,306,1053,452,220,66,449,588,2025
15,Army,33,17,16,.515,-12.11,-7.30,10,8,12,4,4,11,2416,2473,1350,892,2042,.437,276,870,.317,356,523,.681,336,1155,466,221,72,331,514,2025
16,Auburn NCAA,38,32,6,.842,28.68,15.13,15,3,13,2,8,2,3153,2638,1525,1116,2344,.476,343,956,.359,578,795,.727,449,1423,613,261,224,359,702,2025
17,Austin Peay,33,14,19,.424,-9.57,-3.86,8,10,8,5,4,13,2362,2472,1335,836,1980,.422,280,810,.346,410,570,.719,326,1085,416,229,87,327,589,2025
18,Ball State,31,14,17,.452,-7.95,-6.49,7,11,8,7,4,9,2336,2300,1250,781,1718,.455,221,641,.345,553,785,.704,292,1101,407,154,67,363,507,2025
19,Baylor NCAA,35,20,15,.571,18.77,13.86,10,10,13,3,3,9,2664,2443,1425,946,2125,.445,294,846,.348,478,640,.747,454,1256,504,264,98,378,570,2025
20,Bellarmine,31,5,26,.161,-15.26,-4.88,2,16,5,10,0,16,2252,2484,1250,814,1743,.467,281,776,.362,343,444,.773,205,909,439,197,53,371,522,2025
21,Belmont,33,22,11,.667,1.94,-0.12,13,7,11,5,9,4,2618,2529,1325,945,2033,.465,347,905,.383,381,530,.719,317,1142,568,229,104,371,514,2025
22,Bethune-Cookman,33,17,16,.515,-10.22,-6.70,13,5,8,2,7,12,2265,2381,1320,800,1870,.428,202,634,.319,463,671,.690,334,1175,423,220,121,448,531,2025
23,Binghamton,32,15,17,.469,-13.50,-9.12,7,9,9,4,5,12,2233,2287,1295,800,1735,.461,227,633,.359,404,583,.693,284,1149,415,153,96,431,525,2025
24,Boise State,37,26,11,.703,13.86,5.75,14,6,13,2,6,5,2804,2477,1485,958,2071,.463,277,875,.317,609,781,.780,389,1336,537,210,97,404,593,2025
25,Boston College,31,12,19,.387,-0.25,5.14,4,16,9,8,0,10,2182,2349,1275,783,1811,.432,206,597,.345,410,570,.719,318,1065,355,162,121,368,571,2025
26,Boston University,32,16,16,.500,-11.00,-8.39,10,8,12,4,3,12,2148,2191,1300,768,1752,.438,250,740,.338,362,546,.663,349,1124,381,194,83,423,515,2025
27,Bowling Green State,32,14,18,.438,-9.53,-6.10,8,10,8,8,5,8,2352,2366,1280,815,1857,.439,255,745,.342,467,626,.746,297,1100,359,232,102,392,556,2025
28,Bradley,37,28,9,.757,6.40,0.24,15,5,14,4,9,3,2823,2535,1500,993,2056,.483,353,887,.398,484,648,.747,305,1274,534,241,143,427,618,2025
29,Brigham Young NCAA,36,26,10,.722,19.07,10.21,14,6,15,2,6,5,2931,2612,1465,1042,2161,.482,378,1028,.368,469,658,.713,406,1354,621,257,113,434,587,2025
30,Brown,27,14,13,.519,-5.21,-4.28,6,8,8,6,6,7,1950,1933,1095,723,1613,.448,221,659,.335,283,448,.632,296,979,398,160,142,314,424,2025
31,Bryant NCAA,35,23,12,.657,-1.99,-6.93,14,2,12,3,10,7,2862,2598,1405,1054,2304,.457,271,814,.333,483,676,.714,465,1439,522,233,210,415,548,2025
32,Bucknell,33,18,15,.545,-5.35,-6.23,13,5,12,4,6,10,2443,2414,1380,862,1850,.466,268,759,.353,451,679,.664,281,1117,448,219,106,433,587,2025
33,Buffalo,31,9,22,.290,-15.16,-3.92,4,14,6,9,3,13,2226,2508,1240,776,1821,.426,243,800,.304,431,616,.700,286,1069,419,209,109,451,517,2025
34,Butler,35,15,20,.429,10.03,10.14,6,14,9,8,2,9,2616,2620,1405,894,1944,.460,299,808,.370,529,715,.740,296,1220,487,140,94,384,477,2025
35,Cal Poly,35,16,19,.457,-2.47,-0.68,8,12,9,5,5,13,2873,2901,1420,1011,2187,.462,403,1114,.362,448,585,.766,352,1221,535,275,75,550,630,2025
36,Cal State Bakersfield,33,14,19,.424,-5.93,-2.26,8,12,9,6,4,11,2434,2430,1330,851,1944,.438,218,573,.380,514,666,.772,424,1173,334,225,92,416,671,2025
37,Cal State Fullerton,32,6,26,.188,-15.96,0.37,1,19,4,11,2,15,2024,2475,1280,683,1701,.402,156,575,.271,502,677,.742,303,1064,288,170,62,474,568,2025
38,Cal State Northridge,33,22,11,.667,1.83,-3.36,14,6,10,3,10,7,2650,2406,1325,952,2035,.468,219,634,.345,527,727,.725,423,1322,539,250,95,452,679,2025
39,California,33,14,19,.424,5.48,6.69,6,14,11,6,2,11,2494,2534,1360,838,2002,.419,238,756,.315,580,778,.746,443,1238,345,208,122,383,544,2025
40,California Baptist,32,17,15,.531,-1.13,-2.35,9,7,11,5,4,8,2280,2241,1295,818,1915,.427,213,671,.317,431,569,.757,384,1152,373,212,86,386,551,2025
41,Campbell,32,15,17,.469,-5.39,-4.96,10,8,8,6,7,10,2246,2169,1285,792,1804,.439,240,745,.322,422,547,.771,264,1016,430,220,98,335,516,2025
42,Canisius,31,3,28,.097,-19.26,-5.42,3,17,1,12,2,15,2008,2437,1240,729,1673,.436,254,692,.367,296,390,.759,180,802,348,191,75,380,495,2025
43,Central Arkansas,33,9,24,.273,-15.16,-4.29,4,14,7,7,1,17,2318,2578,1350,817,1995,.410,283,962,.294,401,558,.719,368,1180,453,242,78,408,448,2025
44,Central Connecticut State,32,25,7,.781,-4.47,-11.21,14,2,13,3,12,3,2312,2012,1285,870,1827,.476,226,654,.346,346,466,.742,273,1137,456,242,134,361,360,2025
45,Central Michigan,31,14,17,.452,-4.51,-2.80,7,11,8,6,6,10,2341,2237,1250,835,1807,.462,198,610,.325,473,655,.722,331,1120,420,228,90,380,512,2025
46,Charleston Southern,32,10,22,.313,-11.12,-2.45,6,10,7,5,3,14,2307,2503,1295,769,1808,.425,233,767,.304,536,810,.662,376,1187,367,151,88,433,558,2025
47,Charlotte,33,11,22,.333,-5.45,-0.63,3,15,8,8,1,12,2328,2460,1345,761,1808,.421,231,745,.310,575,768,.749,291,1036,405,168,72,329,573,2025
48,Chattanooga,38,29,9,.763,2.37,-2.94,15,3,14,3,12,5,3030,2772,1555,1072,2239,.479,372,1029,.362,514,670,.767,314,1264,651,260,107,380,614,2025
49,Chicago State,32,4,28,.125,-21.12,-4.97,4,12,3,7,1,19,2001,2518,1290,709,1858,.382,232,759,.306,351,498,.705,273,981,344,235,114,412,607,2025
50,Cincinnati,35,19,16,.543,14.23,9.28,7,13,12,5,4,9,2491,2318,1400,951,2120,.449,263,811,.324,326,490,.665,395,1218,485,265,145,361,496,2025
51,Clemson NCAA,34,27,7,.794,17.81,7.51,18,2,15,2,9,3,2586,2236,1390,930,2012,.462,288,781,.369,438,570,.768,383,1202,484,252,119,358,518,2025
52,Cleveland State,36,23,13,.639,-1.55,-3.85,14,6,14,4,7,7,2631,2395,1445,965,2136,.452,231,692,.334,470,644,.730,436,1228,490,311,166,417,641,2025
53,Coastal Carolina,32,10,22,.313,-12.13,-5.93,3,15,6,8,3,13,2136,2275,1285,740,1728,.428,239,689,.347,417,594,.702,321,1171,367,105,53,382,566,2025
54,Colgate,33,14,19,.424,-7.71,-6.40,10,8,10,4,4,13,2379,2388,1330,888,1897,.468,287,806,.356,316,433,.730,256,1067,467,211,80,372,492,2025
55,College of Charleston,33,24,9,.727,-0.60,-3.38,13,5,13,2,7,5,2549,2437,1340,892,1962,.455,276,782,.353,489,683,.716,307,1189,525,214,76,377,513,2025
56,Colorado,35,14,21,.400,9.62,11.74,3,17,11,7,0,10,2441,2515,1410,849,1912,.444,229,714,.321,514,685,.750,334,1227,496,244,135,504,579,2025
57,Colorado State NCAA,36,26,10,.722,13.94,6.05,16,4,14,2,7,4,2707,2423,1455,953,1996,.477,310,855,.363,489,631,.775,302,1257,594,185,99,414,620,2025
58,Columbia,27,12,15,.444,-9.18,-5.70,1,13,9,6,3,9,2117,2109,1080,771,1655,.466,222,659,.337,353,480,.735,259,940,470,210,57,295,415,2025
59,Connecticut NCAA,35,24,11,.686,17.87,8.87,14,6,14,2,7,4,2696,2381,1420,954,2008,.475,299,858,.348,489,618,.791,392,1251,606,190,217,389,639,2025
60,Coppin State,30,6,24,.200,-21.26,-5.71,4,10,5,6,1,17,1867,2292,1205,653,1644,.397,155,528,.294,406,596,.681,290,919,336,244,57,447,520,2025
61,Cornell,29,18,11,.621,0.91,-3.76,9,5,9,5,8,5,2467,2248,1160,886,1770,.501,325,865,.376,370,490,.755,258,1015,554,183,94,347,473,2025
62,Creighton NCAA,36,25,11,.694,16.49,11.04,15,5,15,2,6,5,2717,2521,1450,974,2041,.477,344,998,.345,425,584,.728,303,1346,615,130,161,440,400,2025
63,Dartmouth,28,14,14,.500,-4.74,-5.43,8,6,9,4,5,9,2166,2013,1125,748,1710,.437,284,806,.352,386,520,.742,250,1062,441,144,86,322,417,2025
64,Davidson,33,17,16,.515,1.02,0.46,6,12,11,6,4,7,2393,2334,1320,859,1891,.454,266,786,.338,409,548,.746,267,1095,491,188,83,318,488,2025
65,Dayton,34,23,11,.676,8.14,4.05,12,6,16,2,6,5,2564,2408,1380,874,1910,.458,283,784,.361,533,718,.742,330,1158,518,240,118,355,534,2025
66,Delaware,36,16,20,.444,-6.11,-4.14,5,13,8,7,3,11,2780,2803,1440,988,2081,.475,316,849,.372,488,624,.782,267,1151,510,230,108,426,597,2025
67,Delaware State,30,16,14,.533,-12.24,-9.05,8,6,11,2,3,11,2360,2229,1210,871,1889,.461,155,420,.369,463,640,.723,399,1122,419,259,78,379,545,2025
68,Denver,32,11,21,.344,-10.40,-3.02,5,11,8,6,3,12,2316,2483,1300,820,1825,.449,232,669,.347,444,600,.740,282,986,367,219,81,405,718,2025
69,DePaul,34,14,20,.412,5.30,7.33,4,16,11,8,2,10,2463,2532,1390,881,1976,.446,314,912,.344,387,549,.705,311,1170,524,208,124,426,555,2025
70,Detroit Mercy,32,8,24,.250,-13.46,-3.11,4,16,6,7,2,15,2146,2428,1300,781,1897,.412,180,546,.330,404,550,.735,384,1207,347,185,79,416,605,2025
71,Drake NCAA,35,31,4,.886,9.60,1.27,17,3,14,2,10,1,2444,2062,1425,846,1759,.481,232,644,.360,520,744,.699,354,1079,474,313,85,388,553,2025
72,Drexel,33,18,15,.545,-3.64,-5.61,9,9,8,6,7,7,2322,2207,1345,870,1898,.458,254,706,.360,328,469,.699,364,1214,430,161,150,402,486,2025
73,Duke NCAA,39,35,4,.897,30.72,10.26,19,1,17,0,10,1,3246,2448,1560,1129,2289,.493,394,1020,.386,594,752,.790,415,1488,662,262,153,363,618,2025
74,Duquesne,32,13,19,.406,1.18,0.89,8,10,9,7,2,8,2212,2155,1290,795,1838,.433,268,786,.341,354,544,.651,374,1091,442,227,136,387,564,2025
75,East Carolina,33,19,14,.576,-0.69,-0.82,10,8,12,6,4,6,2502,2434,1345,879,2015,.436,222,703,.316,522,725,.720,425,1226,438,249,149,359,516,2025
76,East Tennessee State,32,19,13,.594,-1.07,-5.20,12,6,13,3,6,9,2301,2128,1280,815,1880,.434,271,779,.348,400,605,.661,404,1186,415,257,121,347,521,2025
77,East Texas A&M,31,5,26,.161,-12.38,-1.86,3,17,4,10,1,16,1995,2321,1245,713,1714,.416,260,828,.314,309,480,.644,304,948,439,260,122,475,520,2025
78,Eastern Illinois,31,12,19,.387,-12.62,-5.91,8,12,7,7,4,12,2062,2140,1250,742,1801,.412,166,520,.319,412,608,.678,358,1094,350,278,85,387,577,2025
79,Eastern Kentucky,32,18,14,.563,-3.86,-4.46,12,6,10,3,7,9,2491,2408,1300,883,2081,.424,306,884,.346,419,559,.750,431,1183,417,276,112,315,535,2025
80,Eastern Michigan,32,16,16,.500,-9.21,-5.38,9,9,9,5,6,10,2355,2449,1290,833,1812,.460,241,690,.349,448,608,.737,321,1043,400,223,109,416,577,2025
81,Eastern Washington,32,10,22,.313,-8.85,-2.11,6,12,8,6,2,14,2283,2415,1280,818,1792,.456,216,664,.325,431,554,.778,273,963,437,241,100,401,583,2025
82,Elon,33,17,16,.515,-4.32,-4.94,8,10,10,4,6,9,2433,2315,1325,821,1857,.442,259,785,.330,532,710,.749,417,1314,404,170,137,413,447,2025
83,Evansville,32,11,21,.344,-6.02,0.34,8,12,7,9,4,11,2113,2263,1280,761,1759,.433,218,719,.303,373,535,.697,245,1054,403,192,140,377,527,2025
84,Fairfield,32,12,20,.375,-14.52,-7.68,8,12,8,6,3,12,2161,2324,1285,784,1925,.407,230,729,.316,363,500,.726,351,1054,404,218,96,331,522,2025
85,FDU,33,13,20,.394,-11.96,-8.06,8,8,9,5,4,15,2431,2415,1341,849,1946,.436,275,819,.336,458,644,.711,321,1120,449,229,89,387,530,2025
86,Florida NCAA,40,36,4,.900,27.78,12.60,14,4,15,1,7,3,3391,2784,1600,1182,2510,.471,390,1097,.356,637,875,.728,549,1673,619,296,179,444,683,2025
87,Florida A&M,31,14,17,.452,-13.37,-6.03,10,8,9,3,4,13,2235,2334,1242,758,1721,.440,279,807,.346,440,617,.713,296,1058,392,162,100,425,548,2025
88,Florida Atlantic,34,18,16,.529,3.72,1.96,10,8,8,6,6,7,2677,2569,1375,954,2059,.463,296,840,.352,473,679,.697,377,1254,548,213,147,390,586,2025
89,Florida Gulf Coast,34,19,15,.559,-2.89,-4.92,13,5,11,5,7,9,2454,2370,1360,934,1990,.469,270,765,.353,316,461,.685,337,1208,476,188,78,360,506,2025
90,Florida International,33,10,23,.303,-6.72,-1.66,3,15,7,8,1,13,2285,2380,1340,821,1932,.425,168,585,.287,475,672,.707,378,1159,403,297,153,451,560,2025
91,Florida State,32,17,15,.531,8.43,6.43,8,12,11,5,2,9,2383,2319,1285,834,1838,.454,196,619,.317,519,724,.717,326,1107,417,243,152,393,611,2025
92,Fordham,33,12,21,.364,-4.44,0.59,3,15,8,8,2,10,2452,2573,1335,850,2008,.423,272,836,.325,480,668,.719,400,1198,452,250,115,434,618,2025
93,Fresno State,32,6,26,.188,-5.60,4.40,2,18,5,9,1,14,2262,2582,1315,782,1927,.406,213,680,.313,485,701,.692,338,1113,344,242,103,412,494,2025
94,Furman,35,25,10,.714,-0.15,-3.27,11,7,13,3,9,6,2702,2443,1415,927,2024,.458,380,1037,.366,468,681,.687,368,1269,593,229,114,391,522,2025
95,Gardner-Webb,31,11,20,.355,-8.21,-3.86,5,11,5,6,3,13,2287,2422,1240,824,1775,.464,194,588,.330,445,643,.692,356,1129,325,161,101,453,583,2025
96,George Mason,36,27,9,.750,7.20,0.83,15,3,18,2,7,6,2564,2296,1470,869,1908,.455,250,705,.355,576,807,.714,364,1310,456,272,118,466,594,2025
97,George Washington,34,21,13,.618,2.00,-1.70,9,9,13,4,5,6,2489,2327,1375,850,1906,.446,253,799,.317,534,770,.694,367,1189,472,302,104,429,511,2025
98,Georgetown,34,18,16,.529,8.18,5.77,8,12,14,5,3,9,2447,2365,1360,911,2061,.442,254,786,.323,371,527,.704,383,1198,480,268,125,395,530,2025
99,Georgia NCAA,33,20,13,.606,16.36,10.94,8,10,15,3,3,7,2486,2307,1320,860,1870,.460,228,692,.329,538,750,.717,391,1203,411,256,169,426,548,2025
100,Georgia Southern,33,17,16,.515,-7.53,-5.47,8,10,11,3,4,11,2449,2505,1340,887,2063,.430,313,912,.343,362,550,.658,423,1234,450,260,123,444,648,2025
101,Georgia State,33,14,19,.424,-7.51,-3.01,8,10,9,6,3,11,2479,2583,1325,898,1998,.449,233,675,.345,450,656,.686,393,1255,401,173,97,391,523,2025
102,Georgia Tech,34,17,17,.500,6.30,5.89,10,10,14,6,2,9,2485,2471,1380,898,2045,.439,258,753,.343,431,627,.687,371,1262,504,201,126,414,537,2025
103,Gonzaga NCAA,35,26,9,.743,23.75,7.27,14,4,13,2,8,2,3024,2447,1415,1108,2212,.501,263,743,.354,545,678,.804,385,1339,691,261,104,334,589,2025
104,Grambling,34,12,22,.353,-12.44,-7.57,7,11,6,7,4,12,2271,2301,1370,800,1863,.429,219,648,.338,452,620,.729,300,1145,387,227,126,431,557,2025
105,Grand Canyon NCAA,34,26,8,.765,4.97,-2.63,13,3,16,1,5,4,2661,2362,1365,906,1988,.456,211,677,.312,638,873,.731,381,1266,469,312,175,448,594,2025
106,Green Bay,32,4,28,.125,-13.21,-2.53,2,18,3,11,1,17,2237,2570,1285,742,1716,.432,259,788,.329,494,630,.784,197,958,447,157,64,401,583,2025
107,Hampton,33,17,16,.515,-5.21,-4.01,8,10,10,4,4,9,2391,2309,1325,856,2010,.426,247,741,.333,430,604,.712,435,1196,391,248,100,356,602,2025
108,Harvard,27,12,15,.444,-7.89,-3.92,7,7,7,5,5,10,1848,1945,1085,679,1532,.443,197,611,.322,293,382,.767,224,854,369,199,77,322,383,2025
109,Hawaii,31,15,16,.484,-3.57,-1.02,7,13,13,7,2,9,2173,2208,1250,745,1658,.449,203,634,.320,480,650,.738,308,1103,368,110,73,418,548,2025
110,High Point NCAA,35,29,6,.829,5.30,-5.19,14,2,16,1,7,3,2858,2413,1405,1000,2031,.492,290,798,.363,568,746,.761,390,1263,454,214,100,363,633,2025
111,Hofstra,33,15,18,.455,-4.97,-3.88,6,12,6,7,5,9,2202,2141,1340,794,1861,.427,273,802,.340,341,477,.715,290,1173,447,196,130,371,580,2025
112,Holy Cross,32,13,19,.406,-12.54,-7.37,5,13,7,6,4,13,2227,2307,1290,824,1806,.456,292,754,.387,287,398,.721,239,1042,398,148,92,382,441,2025
113,Houston NCAA,40,35,5,.875,28.45,13.45,19,1,16,1,10,0,2946,2346,1625,1070,2384,.449,326,828,.394,480,649,.740,512,1475,483,310,184,360,651,2025
114,Houston Christian,32,12,20,.375,-8.17,-2.97,9,11,8,7,4,12,2111,2220,1280,742,1753,.423,251,769,.326,376,547,.687,296,1000,348,252,115,374,435,2025
115,Howard,32,12,20,.375,-12.02,-6.88,7,7,8,6,3,11,2480,2538,1290,854,1837,.465,273,733,.372,499,675,.739,320,1090,507,180,97,478,612,2025
116,Idaho,33,14,19,.424,-8.00,-3.49,8,10,8,6,5,11,2430,2493,1325,823,1871,.440,308,885,.348,476,634,.751,337,1113,405,194,93,390,589,2025
117,Idaho State,30,15,15,.500,-3.95,-4.02,10,8,10,4,5,10,2230,2099,1205,779,1809,.431,221,681,.325,451,608,.742,422,1143,398,181,135,321,494,2025
118,Illinois NCAA,35,22,13,.629,21.59,12.79,12,8,13,4,5,5,2927,2619,1411,1006,2233,.451,330,1054,.313,585,768,.762,453,1492,520,150,147,409,567,2025
119,Illinois State,36,22,14,.611,1.91,-0.57,10,10,12,4,5,7,2727,2585,1445,956,1985,.482,352,936,.376,463,618,.749,278,1163,519,200,64,377,601,2025
120,Illinois-Chicago,31,17,14,.548,-0.63,0.58,10,10,9,5,7,6,2357,2286,1260,831,1827,.455,250,716,.349,445,619,.719,328,1119,476,210,97,375,548,2025
121,Incarnate Word,36,19,17,.528,-5.61,-5.23,9,11,11,5,4,10,2659,2508,1450,982,2099,.468,279,752,.371,416,607,.685,430,1263,444,250,134,413,600,2025
122,Indiana,32,19,13,.594,14.63,12.00,10,10,14,4,4,6,2389,2305,1285,871,1902,.458,203,632,.321,444,629,.706,349,1166,509,186,107,371,531,2025
123,Indiana State,32,14,18,.438,-3.15,-0.65,8,12,8,6,4,9,2563,2545,1295,877,1884,.465,323,931,.347,486,649,.749,294,1139,502,219,71,448,586,2025
124,Iona,34,17,17,.500,-8.58,-7.78,12,8,7,7,7,7,2369,2396,1370,872,2075,.420,229,721,.318,396,578,.685,495,1259,492,327,96,491,621,2025
125,Iowa,33,17,16,.515,12.85,10.06,7,13,12,6,2,8,2722,2630,1325,1011,2065,.490,322,847,.380,378,536,.705,286,1056,605,219,138,323,509,2025
126,Iowa State NCAA,35,25,10,.714,22.33,10.33,13,7,15,2,6,5,2812,2392,1420,982,2034,.483,268,748,.358,580,770,.753,361,1238,524,325,120,420,566,2025
127,IU Indy,32,10,22,.313,-11.52,-4.24,6,14,6,8,4,12,2402,2458,1285,803,1873,.429,328,878,.374,468,632,.741,366,1073,436,199,64,329,560,2025
128,Jackson State,34,16,18,.471,-9.39,-6.24,14,4,8,1,6,15,2428,2535,1380,835,1978,.422,217,666,.326,541,741,.730,372,1246,415,243,115,471,560,2025
129,Jacksonville,33,19,14,.576,-4.29,-3.80,12,6,11,3,7,9,2379,2360,1325,874,1981,.441,241,671,.359,390,579,.674,419,1201,455,256,144,438,576,2025
130,Jacksonville State,36,23,13,.639,1.76,0.12,12,6,12,2,8,8,2653,2464,1450,940,2109,.446,276,787,.351,497,661,.752,395,1383,422,182,127,365,494,2025
131,James Madison,32,20,12,.625,-1.72,-2.68,13,5,13,2,5,8,2365,2256,1290,823,1874,.439,287,830,.346,432,573,.754,360,1142,373,194,101,337,523,2025
132,Kansas NCAA,34,21,13,.618,20.09,13.56,11,9,14,3,4,8,2587,2365,1375,984,2093,.470,253,714,.354,366,511,.716,359,1310,602,211,160,402,486,2025
133,Kansas City,33,13,20,.394,-5.66,-3.04,4,12,9,5,2,12,2386,2218,1320,816,1898,.430,290,845,.343,464,609,.762,392,1168,407,244,106,394,552,2025
134,Kansas State,33,16,17,.485,10.89,9.67,9,11,10,6,3,9,2337,2297,1325,856,1943,.441,254,781,.325,371,537,.691,339,1118,505,244,114,399,515,2025
135,Kennesaw State,33,19,14,.576,0.50,0.83,10,8,12,3,5,8,2526,2417,1330,857,1996,.429,284,915,.310,528,734,.719,414,1331,439,218,140,451,618,2025
136,Kent State,36,24,12,.667,1.42,-2.67,11,7,11,4,10,6,2647,2459,1445,950,2181,.436,259,811,.319,488,655,.745,459,1335,446,270,112,421,652,2025
137,Kentucky NCAA,36,24,12,.667,21.26,14.04,10,8,15,3,4,6,3040,2780,1445,1065,2211,.482,341,910,.375,569,778,.731,356,1369,607,249,145,392,620,2025
138,La Salle,33,14,19,.424,-3.64,1.02,5,13,10,5,2,10,2376,2465,1325,845,2046,.413,230,685,.336,456,628,.726,392,1217,388,238,117,354,521,2025
139,Lafayette,33,13,20,.394,-10.19,-8.35,7,11,10,6,3,14,2261,2274,1337,809,1854,.436,257,753,.341,386,564,.684,284,1102,486,192,115,362,512,2025
140,Lamar,33,20,13,.606,-2.17,-2.64,14,6,10,4,9,6,2306,2170,1325,845,1979,.427,230,653,.352,386,562,.687,441,1277,495,246,165,413,504,2025
141,Le Moyne,32,9,23,.281,-17.81,-8.35,4,12,6,7,2,16,2371,2566,1315,826,1802,.458,253,746,.339,466,662,.704,290,1051,454,222,69,444,614,2025
142,Lehigh,30,11,19,.367,-10.29,-6.71,6,12,8,5,3,14,2110,2143,1210,758,1682,.451,236,637,.370,358,524,.683,220,947,401,174,63,321,486,2025
143,Liberty NCAA,35,28,7,.800,7.42,-0.99,13,5,12,3,9,2,2655,2219,1405,958,1959,.489,367,958,.383,372,565,.658,227,1150,588,231,103,354,469,2025
144,Lindenwood,33,16,17,.485,-13.17,-7.27,10,10,11,3,3,12,2348,2354,1340,837,1983,.422,192,678,.283,482,709,.680,380,1203,370,277,133,415,534,2025
145,Lipscomb NCAA,35,25,10,.714,4.39,-4.43,14,4,15,3,10,6,2752,2371,1405,958,2035,.471,344,964,.357,492,620,.794,287,1241,530,242,104,341,437,2025
146,Little Rock,33,19,14,.576,-6.86,-7.67,12,8,9,5,9,7,2287,2219,1330,843,1894,.445,215,583,.369,386,548,.704,342,1112,447,298,172,458,563,2025
147,Long Beach State,32,7,25,.219,-10.29,-0.53,3,17,3,11,4,11,2152,2374,1295,736,1698,.433,218,625,.349,462,611,.756,304,1021,364,182,96,460,585,2025
148,Long Island University,33,17,16,.515,-10.97,-9.97,12,4,10,5,7,9,2235,2156,1345,831,1910,.435,201,649,.310,372,518,.718,382,1172,388,269,117,430,625,2025
149,Longwood,32,18,14,.563,-4.63,-5.04,7,9,12,4,5,7,2504,2371,1280,847,1830,.463,206,620,.332,604,831,.727,362,1111,427,244,65,400,590,2025
150,Louisiana,33,12,21,.364,-10.70,-2.33,8,10,5,12,6,5,2159,2410,1330,757,1897,.399,223,720,.310,422,579,.729,316,1013,340,243,95,357,578,2025
151,Louisiana State,32,14,18,.438,9.93,9.68,3,15,11,7,2,8,2363,2355,1295,838,1885,.445,250,820,.305,437,612,.714,330,1141,409,227,151,419,537,2025
152,Louisiana Tech,32,20,12,.625,1.45,-0.72,9,9,11,4,5,7,2364,2188,1300,830,1780,.466,248,730,.340,456,608,.750,307,1166,485,205,131,402,505,2025
153,Louisiana-Monroe,32,7,25,.219,-15.10,-4.30,3,15,5,11,2,12,2205,2417,1290,782,1920,.407,218,658,.331,423,593,.713,360,1155,413,228,76,374,448,2025
154,Louisville NCAA,35,27,8,.771,18.49,9.49,18,2,14,3,9,2,2747,2432,1405,947,2088,.454,328,999,.328,525,704,.746,389,1305,486,223,100,395,545,2025
155,Loyola (IL),37,25,12,.676,3.41,0.19,12,6,17,1,7,5,2721,2553,1495,972,2122,.458,315,910,.346,462,684,.675,367,1307,591,229,171,438,656,2025
156,Loyola (MD),31,12,19,.387,-11.85,-8.48,6,12,7,7,5,12,2145,2205,1245,775,1779,.436,229,704,.325,366,525,.697,310,1034,426,223,89,372,475,2025
157,Loyola Marymount,32,17,15,.531,1.20,2.94,8,10,11,6,3,8,2279,2290,1280,821,1868,.440,252,755,.334,385,532,.724,251,1068,423,185,126,333,527,2025
158,Maine,34,20,14,.588,-6.58,-8.40,10,6,10,3,8,11,2409,2248,1365,893,1929,.463,225,634,.355,398,542,.734,253,1030,504,308,124,352,511,2025
159,Manhattan,31,17,14,.548,-7.67,-8.37,12,8,9,5,8,7,2365,2327,1265,820,1869,.439,266,775,.343,459,598,.768,369,1139,462,196,76,360,440,2025
160,Marist,30,20,10,.667,-8.95,-10.45,13,7,11,4,9,5,1979,1934,1215,753,1712,.440,202,643,.314,271,383,.708,310,1079,420,173,103,358,448,2025
161,Marquette NCAA,34,23,11,.676,18.19,10.37,13,7,14,3,7,6,2603,2337,1370,943,2123,.444,321,985,.326,396,550,.720,372,1159,467,305,124,318,545,2025
162,Marshall,33,20,13,.606,-2.26,-4.52,12,6,14,3,5,9,2499,2366,1325,883,2004,.441,260,807,.322,473,683,.693,412,1239,482,219,180,382,636,2025
163,Maryland NCAA,36,27,9,.750,23.33,9.41,14,6,17,2,5,5,2919,2418,1446,1039,2212,.470,292,782,.373,549,732,.750,380,1305,510,284,161,364,552,2025
164,Maryland-Baltimore County,32,13,19,.406,-11.56,-8.21,5,11,8,9,5,10,2559,2522,1300,929,1917,.485,287,741,.387,414,598,.692,238,1027,469,235,85,364,490,2025
165,Maryland-Eastern Shore,31,6,25,.194,-20.65,-4.47,2,12,5,7,1,17,2090,2410,1240,738,1740,.424,210,639,.329,404,608,.664,307,1021,361,165,62,416,557,2025
166,Massachusetts,32,12,20,.375,-3.08,0.15,7,11,8,8,4,7,2333,2399,1300,841,2053,.410,185,658,.281,466,702,.664,456,1269,413,249,155,375,580,2025
167,Massachusetts-Lowell,32,17,15,.531,-7.64,-7.60,6,10,14,4,3,11,2543,2371,1290,916,1843,.497,226,639,.354,485,628,.772,274,1145,492,188,137,401,427,2025
168,McNeese State NCAA,35,28,7,.800,9.14,-1.05,19,1,13,1,10,2,2680,2256,1400,963,2019,.477,263,742,.354,491,704,.697,410,1262,489,315,120,379,570,2025
169,Memphis NCAA,35,29,6,.829,12.15,5.66,16,2,13,2,11,2,2795,2568,1415,981,2078,.472,260,692,.376,573,816,.702,427,1313,505,271,166,486,624,2025
170,Mercer,33,14,19,.424,-8.44,-5.11,6,12,7,6,5,11,2511,2485,1335,919,2113,.435,273,849,.322,400,611,.655,386,1297,436,278,87,398,547,2025
171,Mercyhurst,31,15,16,.484,-15.65,-9.68,9,7,11,2,4,14,2105,2167,1255,735,1703,.432,214,610,.351,421,525,.802,235,849,419,227,67,335,519,2025
172,Merrimack,33,18,15,.545,-4.65,-6.04,14,6,8,5,9,8,2166,2120,1330,787,1861,.423,263,798,.330,329,455,.723,232,932,391,313,124,297,518,2025
173,Miami (FL),31,7,24,.226,0.38,7.03,3,17,7,10,0,10,2294,2500,1250,849,1849,.459,223,712,.313,373,488,.764,293,977,399,198,106,339,445,2025
174,Miami (OH),34,25,9,.735,-0.92,-5.36,14,4,15,1,6,7,2740,2473,1365,985,2046,.481,363,914,.397,407,562,.724,319,1159,550,272,120,412,601,2025
175,Michigan NCAA,37,27,10,.730,20.21,13.69,14,6,13,3,7,3,2885,2644,1490,1011,2160,.468,301,907,.332,562,772,.728,409,1422,586,198,135,517,633,2025
176,Michigan State NCAA,37,30,7,.811,22.43,11.89,17,3,15,1,8,2,2874,2484,1485,1003,2192,.458,224,721,.311,644,827,.779,440,1472,613,196,169,420,617,2025
177,Middle Tennessee,34,22,12,.647,2.52,1.02,12,6,11,5,8,5,2608,2466,1395,945,2084,.453,259,819,.316,459,685,.670,393,1305,427,224,148,391,588,2025
178,Milwaukee,32,21,11,.656,0.35,-3.79,14,6,13,3,7,8,2510,2295,1290,907,1939,.468,189,613,.308,507,741,.684,462,1253,457,246,105,423,562,2025
179,Minnesota,32,15,17,.469,8.48,10.14,7,13,10,9,5,5,2178,2231,1305,796,1806,.441,209,649,.322,377,568,.664,337,1084,488,193,151,346,561,2025
180,Mississippi NCAA,36,24,12,.667,18.28,12.80,10,8,13,3,5,6,2779,2582,1450,959,2156,.445,300,863,.348,561,760,.738,331,1193,510,315,134,324,657,2025
181,Mississippi State NCAA,34,21,13,.618,17.14,11.79,8,10,10,5,6,5,2704,2522,1375,971,2147,.452,288,916,.314,474,676,.701,435,1288,517,310,152,365,591,2025
182,Mississippi Valley State,31,3,28,.097,-34.60,-4.77,1,17,2,9,1,19,1678,2506,1240,610,1568,.389,140,473,.296,318,482,.660,238,868,258,186,60,501,507,2025
183,Missouri NCAA,34,22,12,.647,19.49,9.49,10,8,18,2,3,7,2844,2504,1365,939,1949,.482,296,806,.367,670,918,.730,374,1157,467,318,89,370,620,2025
184,Missouri State,32,9,23,.281,-3.94,0.52,2,18,7,8,1,12,2175,2268,1315,776,1735,.447,228,639,.357,395,602,.656,334,1046,390,236,83,437,580,2025
185,Monmouth,33,13,20,.394,-8.14,-3.11,10,8,8,2,4,14,2321,2487,1335,784,1908,.411,233,661,.352,520,701,.742,357,1124,389,195,147,364,592,2025
186,Montana NCAA,35,25,10,.714,-1.45,-1.60,15,3,15,1,7,8,2680,2565,1405,964,1934,.498,256,716,.358,496,674,.736,253,1108,474,219,112,380,564,2025
187,Montana State,33,15,18,.455,-2.77,-2.71,9,9,11,3,3,14,2354,2298,1325,835,1834,.455,270,793,.340,414,571,.725,230,1033,435,210,119,328,528,2025
188,Morehead State,32,15,17,.469,-13.65,-7.52,10,10,9,5,6,10,2116,2199,1285,741,1779,.417,190,614,.309,444,658,.675,361,1171,368,179,82,377,506,2025
189,Morgan State,32,14,18,.438,-15.13,-8.55,7,7,11,4,2,13,2559,2584,1295,948,1988,.477,148,435,.340,515,707,.728,396,1193,414,222,149,432,595,2025
190,Mount St. Mary's NCAA,36,23,13,.639,-7.91,-6.48,12,8,10,4,9,8,2524,2538,1460,889,2014,.441,285,827,.345,461,626,.736,366,1350,537,217,99,538,563,2025
191,Murray State,33,16,17,.485,0.81,0.40,9,11,7,5,6,8,2371,2282,1350,789,1823,.433,251,730,.344,542,751,.722,331,1121,392,220,100,376,573,2025
192,Navy,34,15,19,.441,-9.90,-8.78,10,8,9,5,6,12,2407,2393,1365,837,1979,.423,249,737,.338,484,661,.732,383,1216,452,222,91,367,557,2025
193,NC State,31,12,19,.387,5.56,6.36,5,15,12,6,0,11,2158,2183,1245,764,1798,.425,209,650,.322,421,580,.726,318,992,394,200,118,295,515,2025
194,Nebraska,35,21,14,.600,13.86,10.46,7,13,10,6,5,7,2660,2541,1420,928,2035,.456,263,784,.335,541,722,.749,323,1239,496,251,103,396,546,2025
195,Nevada,33,17,16,.515,9.44,5.25,8,12,11,6,3,8,2386,2248,1329,845,1785,.473,228,669,.341,468,666,.703,286,1071,497,205,119,335,578,2025
196,Nevada-Las Vegas,33,18,15,.545,6.65,5.53,11,9,12,5,5,7,2285,2248,1320,803,1826,.440,210,631,.333,469,654,.717,306,1119,398,216,120,352,526,2025
197,New Hampshire,32,8,24,.250,-19.80,-7.47,6,10,6,7,2,15,2124,2450,1280,772,1872,.412,249,765,.325,331,502,.659,331,1098,359,181,76,424,529,2025
198,New Mexico NCAA,35,27,8,.771,15.20,6.52,17,3,16,1,7,4,2819,2472,1410,1010,2198,.460,243,701,.347,556,807,.689,419,1361,521,306,174,400,614,2025
199,New Mexico State,32,17,15,.531,0.86,0.41,10,8,9,6,8,6,2229,2110,1285,787,1895,.415,228,710,.321,427,633,.675,379,1198,373,204,74,348,591,2025
200,New Orleans,31,4,27,.129,-15.16,-0.61,2,18,0,11,3,15,2105,2556,1252,758,1840,.412,172,565,.304,417,623,.669,375,1104,380,226,81,408,465,2025
201,Niagara,31,11,20,.355,-12.79,-8.56,6,14,6,7,3,13,2122,2214,1255,747,1659,.450,251,711,.353,377,510,.739,233,953,390,193,69,380,487,2025
202,Nicholls State,33,20,13,.606,-2.13,-2.46,13,7,11,4,8,8,2443,2296,1330,867,2025,.428,252,729,.346,457,667,.685,396,1247,373,266,129,351,569,2025
203,NJIT,31,6,25,.194,-17.92,-7.85,3,13,4,9,1,16,2023,2269,1245,726,1815,.400,212,688,.308,359,491,.731,333,1100,312,148,114,375,570,2025
204,Norfolk State NCAA,35,24,11,.686,-3.72,-6.65,11,3,11,1,8,9,2696,2440,1410,968,1983,.488,185,567,.326,575,760,.757,358,1208,484,244,105,433,622,2025
205,North Alabama,35,24,11,.686,1.02,-5.50,14,4,16,1,7,10,2753,2471,1410,998,2185,.457,267,761,.351,490,691,.709,435,1336,422,263,115,310,520,2025
206,North Carolina NCAA,37,23,14,.622,17.27,11.22,13,7,12,3,6,6,2987,2763,1490,1059,2230,.475,295,829,.356,574,775,.741,362,1357,547,221,135,397,625,2025
207,North Carolina A&T,32,7,25,.219,-13.28,-4.31,3,15,5,9,2,15,2213,2439,1280,791,1937,.408,215,708,.304,416,606,.686,341,1148,358,197,96,340,482,2025
208,North Carolina Central,33,14,19,.424,-12.91,-8.05,6,8,10,4,2,13,2600,2501,1340,915,1994,.459,242,691,.350,528,759,.696,437,1105,520,276,79,437,658,2025
209,North Dakota,33,12,21,.364,-7.39,-1.49,5,11,8,6,2,12,2550,2624,1320,899,2069,.435,271,831,.326,481,679,.708,437,1245,405,188,81,375,549,2025
210,North Dakota State,32,21,11,.656,1.11,-3.58,10,6,11,4,8,6,2595,2386,1296,871,1826,.477,380,955,.398,473,610,.775,286,1111,480,117,59,332,478,2025
211,North Florida,32,15,17,.469,-8.48,-3.74,8,10,8,6,7,10,2651,2712,1295,944,2125,.444,409,1147,.357,354,517,.685,359,1145,521,202,104,358,573,2025
212,North Texas,36,27,9,.750,7.70,0.84,14,4,17,1,8,5,2447,2165,1440,842,1884,.447,248,686,.362,515,669,.770,369,1184,375,271,91,369,536,2025
213,Northeastern,32,17,15,.531,-4.64,-5.08,9,9,8,5,7,8,2243,2229,1280,835,1848,.452,217,644,.337,356,518,.687,339,1090,415,242,151,399,516,2025
214,Northern Arizona,34,18,16,.529,-6.53,-5.73,8,10,10,5,7,8,2581,2435,1361,955,2098,.455,275,786,.350,396,600,.660,408,1276,505,208,51,343,540,2025
215,Northern Colorado,35,25,10,.714,1.10,-3.84,15,3,13,2,9,7,2822,2545,1415,1024,2019,.507,294,773,.380,480,663,.724,290,1205,552,214,82,386,610,2025
216,Northern Illinois,31,6,25,.194,-16.60,-4.52,2,16,5,10,1,15,2199,2383,1255,756,1843,.410,295,882,.334,392,556,.705,229,1018,388,190,110,355,612,2025
217,Northern Iowa,33,20,13,.606,5.24,0.46,14,6,14,3,5,6,2418,2223,1325,872,1792,.487,236,644,.366,438,630,.695,265,1090,459,196,99,348,484,2025
218,Northern Kentucky,33,17,16,.515,-4.79,-3.14,11,9,12,6,5,10,2371,2377,1340,852,1946,.438,258,772,.334,409,611,.669,374,1110,467,256,106,397,529,2025
219,Northwestern,33,17,16,.515,14.40,11.13,7,13,12,5,2,9,2390,2282,1340,860,1951,.441,222,667,.333,448,611,.733,361,1114,480,228,116,329,582,2025
220,Northwestern State,32,16,16,.500,-5.07,-1.44,12,8,9,5,6,10,2146,2204,1290,756,1756,.431,223,630,.354,411,575,.715,364,1120,407,218,136,421,500,2025
221,Notre Dame,33,15,18,.455,7.07,6.92,8,12,11,5,3,9,2397,2392,1355,851,1889,.451,251,708,.355,444,600,.740,329,1158,376,184,58,366,518,2025
222,Oakland,34,16,18,.471,-2.67,-0.95,11,9,9,4,6,11,2402,2436,1390,859,1968,.436,255,836,.305,429,614,.699,411,1203,439,223,102,406,545,2025
223,Ohio,32,16,16,.500,-2.63,-4.37,10,8,12,3,3,10,2554,2449,1290,899,1915,.469,275,769,.358,481,632,.761,261,1062,450,231,95,348,559,2025
224,Ohio State,32,17,15,.531,17.86,12.58,9,11,11,6,4,7,2522,2353,1310,878,1884,.466,261,710,.368,505,675,.748,305,1077,422,208,115,349,626,2025
225,Oklahoma NCAA,34,20,14,.588,14.86,11.22,6,12,12,5,2,7,2661,2537,1360,886,1894,.468,288,788,.365,601,756,.795,287,1092,457,265,78,411,629,2025
226,Oklahoma State,35,17,18,.486,6.89,10.18,7,13,13,4,3,10,2556,2671,1400,865,2019,.428,232,701,.331,594,828,.717,391,1231,445,317,103,479,680,2025
227,Old Dominion,35,15,20,.429,-9.71,-4.25,8,10,7,9,5,7,2376,2502,1410,839,2120,.396,218,758,.288,480,669,.717,500,1345,369,193,118,400,586,2025
228,Omaha NCAA,35,22,13,.629,-1.61,-2.43,13,3,11,2,7,9,2707,2634,1400,941,2051,.459,288,808,.356,537,744,.722,360,1254,465,207,82,379,639,2025
229,Oral Roberts,30,7,23,.233,-11.71,-0.78,3,13,7,7,0,15,2200,2356,1205,738,1693,.436,280,773,.362,444,590,.753,252,940,306,149,70,348,532,2025
230,Oregon NCAA,35,25,10,.714,18.00,12.32,12,8,12,4,7,4,2679,2480,1415,947,2060,.460,271,788,.344,514,679,.757,357,1253,501,251,130,395,569,2025
231,Oregon State,33,20,13,.606,8.62,2.24,10,8,15,3,3,7,2516,2276,1335,872,1804,.483,232,639,.363,540,687,.786,314,1111,478,215,101,363,520,2025
232,Pacific,33,9,24,.273,-7.11,2.09,4,14,5,10,2,13,2295,2500,1330,819,1883,.435,212,707,.300,445,614,.725,343,1156,421,188,94,432,610,2025
233,Penn State,31,16,15,.516,13.57,7.70,6,14,11,6,3,8,2452,2270,1240,858,1792,.479,222,648,.343,514,680,.756,291,1045,496,250,126,384,512,2025
234,Pennsylvania,27,8,19,.296,-10.56,-2.74,4,10,5,8,3,10,1878,2089,1085,666,1578,.422,228,700,.326,318,456,.697,261,927,371,133,47,300,413,2025
235,Pepperdine,35,13,22,.371,-2.82,2.56,4,14,7,9,2,11,2560,2681,1400,923,2080,.444,246,722,.341,468,654,.716,351,1226,555,213,96,386,550,2025
236,Pittsburgh,32,17,15,.531,13.27,8.24,8,12,13,4,3,9,2428,2267,1290,834,1851,.451,265,766,.346,495,633,.782,314,1068,429,233,132,319,526,2025
237,Portland,32,12,20,.375,-7.29,2.17,7,11,9,7,3,9,2334,2574,1300,805,1843,.437,272,788,.345,452,582,.777,266,1083,496,149,99,408,487,2025
238,Portland State,32,19,13,.594,-4.41,-5.27,11,7,13,1,5,10,2418,2227,1285,913,1932,.473,201,615,.327,391,621,.630,387,1179,468,264,157,407,560,2025
239,Prairie View,32,5,27,.156,-19.30,-7.30,4,14,3,7,2,19,2286,2637,1280,820,1884,.435,202,634,.319,444,643,.691,283,894,390,259,102,381,604,2025
240,Presbyterian,33,14,19,.424,-6.68,-4.35,7,9,8,5,4,12,2449,2341,1335,894,1911,.468,239,650,.368,422,605,.698,331,1103,429,224,106,349,594,2025
241,Princeton,30,19,11,.633,-2.85,-2.49,8,6,9,4,7,4,2209,2162,1200,791,1824,.434,316,889,.355,311,438,.710,291,1014,455,221,65,313,466,2025
242,Providence,32,12,20,.375,7.17,8.33,6,14,10,6,2,9,2283,2320,1285,807,1833,.440,297,834,.356,372,542,.686,362,1186,413,159,109,407,550,2025
243,Purdue NCAA,36,24,12,.667,20.80,13.91,13,7,14,2,5,6,2781,2533,1440,985,2027,.486,297,778,.382,514,702,.732,352,1183,574,230,59,375,570,2025
244,Purdue Fort Wayne,32,19,13,.594,-1.00,-4.06,12,8,12,2,6,10,2583,2388,1295,918,1955,.470,330,890,.371,417,556,.750,243,969,434,278,89,306,503,2025
245,Queens (NC),35,20,15,.571,-5.41,-4.95,11,7,9,5,9,9,2685,2611,1415,934,2074,.450,322,920,.350,495,722,.686,399,1289,559,228,184,442,578,2025
246,Quinnipiac,33,20,13,.606,-5.94,-7.72,15,5,12,2,7,10,2439,2358,1325,864,2026,.426,227,767,.296,484,634,.763,390,1263,455,272,154,425,539,2025
247,Radford,33,20,13,.606,-2.72,-3.43,9,7,10,3,7,9,2441,2314,1330,824,1813,.454,242,664,.364,551,722,.763,375,1167,374,183,103,374,564,2025
248,Rhode Island,31,18,13,.581,1.06,-0.91,7,11,14,3,1,9,2419,2328,1255,828,1782,.465,236,673,.351,527,759,.694,311,1160,430,184,104,401,508,2025
249,Rice,32,13,19,.406,-2.08,-2.12,4,14,7,8,4,8,2249,2249,1290,748,1778,.421,227,688,.330,526,772,.681,394,1223,379,149,99,377,571,2025
250,Richmond,32,10,22,.313,-5.48,1.45,5,13,6,9,2,11,2137,2302,1310,729,1745,.418,250,797,.314,429,542,.792,208,996,373,191,66,327,560,2025
251,Rider,33,14,19,.424,-12.06,-7.24,9,11,5,7,8,11,2211,2370,1320,814,1894,.430,178,571,.312,405,561,.722,369,1131,416,177,102,370,476,2025
252,Robert Morris NCAA,35,26,9,.743,0.40,-4.92,15,5,16,2,8,6,2694,2485,1425,934,2078,.449,264,761,.347,562,780,.721,439,1310,562,224,159,451,586,2025
253,Rutgers,32,15,17,.469,10.41,10.94,8,12,11,5,3,8,2465,2482,1305,865,1939,.446,231,703,.329,504,702,.718,358,1129,413,225,125,349,547,2025
254,Sacramento State,32,7,25,.219,-14.10,-4.06,3,15,5,11,2,13,2119,2257,1280,746,1741,.428,262,798,.328,365,541,.675,302,1070,418,190,97,422,592,2025
255,Sacred Heart,33,15,18,.455,-9.00,-8.41,10,10,8,5,5,11,2502,2481,1325,895,2043,.438,318,910,.349,392,536,.731,389,1223,547,243,98,406,520,2025
256,Saint Francis (PA) NCAA,34,16,18,.471,-12.76,-7.41,8,8,10,4,6,13,2415,2433,1385,902,1952,.462,281,822,.342,330,454,.727,290,1155,484,212,85,440,516,2025
257,Saint Joseph's,35,22,13,.629,7.28,0.85,11,7,13,5,4,6,2627,2402,1410,907,2070,.438,323,963,.335,490,657,.746,372,1299,510,228,197,395,503,2025
258,Saint Louis,34,19,15,.559,3.04,2.04,11,7,14,3,4,9,2527,2423,1370,899,1886,.477,333,945,.352,396,577,.686,258,1198,509,216,105,432,499,2025
259,Saint Mary's (CA) NCAA,35,29,6,.829,17.43,6.46,17,1,16,1,9,1,2551,2138,1410,940,2088,.450,223,698,.319,448,645,.695,489,1390,529,214,140,338,523,2025
260,Saint Peter's,28,12,16,.429,-10.64,-8.45,7,13,6,6,6,10,1848,1842,1130,624,1581,.395,199,604,.329,401,543,.738,377,1043,289,190,101,381,528,2025
261,Sam Houston,32,13,19,.406,-2.86,1.31,6,12,9,4,3,13,2411,2433,1295,827,1855,.446,276,712,.388,481,663,.725,345,1129,412,205,93,405,565,2025
262,Samford,33,22,11,.667,1.13,-3.58,12,6,13,3,9,7,2736,2492,1330,970,2107,.460,356,978,.364,440,609,.722,431,1188,543,326,120,428,647,2025
263,San Diego,33,6,27,.182,-8.37,1.63,2,16,5,13,0,12,2314,2629,1320,820,2016,.407,211,719,.293,463,616,.752,381,1132,376,245,118,440,693,2025
264,San Diego State NCAA,31,21,10,.677,12.77,8.14,14,6,12,3,6,4,2194,2004,1250,789,1784,.442,239,717,.333,375,565,.664,314,1090,404,237,169,340,571,2025
265,San Francisco,35,25,10,.714,10.46,3.87,13,5,17,3,5,5,2660,2420,1405,929,2047,.454,302,891,.339,500,703,.711,363,1246,486,231,117,410,657,2025
266,San Jose State,35,15,20,.429,0.50,4.05,7,13,7,9,3,9,2525,2568,1415,891,2009,.444,284,818,.347,459,616,.745,333,1190,452,209,106,402,547,2025
267,Santa Clara,34,21,13,.618,13.22,4.25,12,6,12,5,6,5,2786,2481,1375,990,2099,.472,372,973,.382,434,597,.727,383,1290,589,222,102,403,557,2025
268,Seattle,32,14,18,.438,-0.21,-1.35,8,8,9,5,4,11,2254,2125,1280,746,1799,.415,214,663,.323,548,767,.714,347,1099,386,259,102,364,574,2025
269,Seton Hall,32,7,25,.219,-0.26,8.36,2,18,5,11,0,11,1970,2246,1295,708,1770,.400,168,539,.312,386,582,.663,359,996,359,260,108,400,577,2025
270,Siena,32,14,18,.438,-7.46,-7.58,9,11,9,5,4,10,2311,2307,1300,783,1827,.429,239,729,.328,506,681,.743,315,1030,378,219,159,379,518,2025
271,South Alabama,32,21,11,.656,1.52,-4.12,13,5,13,4,8,6,2334,2066,1310,814,1835,.444,273,838,.326,433,615,.704,320,1130,461,299,84,297,430,2025
272,South Carolina,32,12,20,.375,9.89,11.55,2,16,10,8,1,10,2233,2286,1290,741,1735,.427,214,677,.316,537,751,.715,323,1100,405,181,94,396,514,2025
273,South Carolina State,33,20,13,.606,-4.62,-9.05,11,3,10,2,7,10,2624,2324,1330,902,1926,.468,234,647,.362,586,827,.709,408,1165,514,313,116,469,695,2025
274,South Carolina Upstate,32,6,26,.188,-15.67,-2.70,2,14,4,10,2,14,2393,2673,1280,881,1941,.454,222,726,.306,409,606,.675,299,1086,426,242,74,453,618,2025
275,South Dakota,33,19,14,.576,-5.69,-3.49,9,7,14,2,4,11,2812,2763,1320,946,2104,.450,260,811,.321,660,925,.714,393,1179,382,249,110,317,613,2025
276,South Dakota State,32,20,12,.625,2.15,-1.82,11,5,13,1,4,8,2546,2352,1280,913,1937,.471,277,791,.350,443,593,.747,374,1287,451,150,84,386,518,2025
277,South Florida,32,13,19,.406,-2.15,-0.18,6,12,9,6,2,10,2381,2385,1290,842,1899,.443,226,711,.318,471,654,.720,329,1107,460,265,113,355,548,2025
278,Southeast Missouri State,33,21,12,.636,-4.84,-7.80,15,5,12,3,8,7,2442,2212,1330,901,1974,.456,242,726,.333,398,551,.722,278,1093,448,269,119,352,596,2025
279,Southeastern Louisiana,32,18,14,.563,-4.00,-4.67,12,8,8,4,9,8,2324,2232,1290,824,1854,.444,195,592,.329,481,642,.749,349,1147,378,222,74,373,550,2025
280,Southern,32,20,12,.625,-6.83,-7.90,15,3,11,1,9,10,2392,2184,1291,849,1949,.436,212,658,.322,482,721,.669,415,1194,415,309,123,401,595,2025
281,Southern California,35,17,18,.486,12.97,10.86,7,13,12,7,3,7,2685,2611,1410,957,1975,.485,251,687,.365,520,702,.741,300,1110,541,221,107,431,618,2025
282,Southern Illinois,33,14,19,.424,-2.22,1.07,8,12,7,8,5,7,2405,2458,1330,875,1896,.461,222,632,.351,433,641,.676,338,1173,467,207,99,412,558,2025
283,SIU Edwardsville NCAA,34,22,12,.647,-6.12,-7.44,13,7,12,3,7,8,2436,2260,1370,874,2030,.431,249,748,.333,439,655,.670,403,1297,462,226,137,388,560,2025
284,Southern Indiana,30,10,20,.333,-13.86,-8.40,5,15,8,7,2,13,2144,2204,1215,766,1791,.428,216,616,.351,396,542,.731,315,1075,343,201,86,351,516,2025
285,Southern Methodist,35,24,11,.686,14.35,5.72,13,7,13,6,7,4,2797,2495,1400,990,2069,.478,275,727,.378,542,759,.714,436,1345,555,282,131,418,587,2025
286,Southern Mississippi,33,11,22,.333,-9.91,-3.33,5,13,9,6,1,13,2352,2507,1330,842,1954,.431,217,717,.303,451,652,.692,347,1233,476,227,142,460,554,2025
287,Southern Utah,31,12,19,.387,-10.63,-2.13,4,12,8,7,3,11,2163,2285,1240,758,1785,.425,182,582,.313,465,638,.729,341,1149,371,157,136,448,546,2025
288,St. Bonaventure,34,22,12,.647,2.92,0.07,9,9,12,4,7,6,2334,2218,1365,852,1918,.444,211,676,.312,419,575,.729,319,1145,373,256,110,353,456,2025
289,St. John's (NY) NCAA,36,31,5,.861,21.25,8.56,18,2,18,0,8,2,2825,2368,1460,1054,2366,.445,221,734,.301,496,718,.691,535,1487,565,320,186,392,601,2025
290,St. Thomas,34,24,10,.706,1.01,-4.51,12,4,14,0,7,8,2827,2544,1365,976,1983,.492,355,917,.387,520,667,.780,247,1063,523,244,108,324,613,2025
291,Stanford,35,21,14,.600,8.78,6.07,11,9,17,3,3,8,2571,2476,1400,896,2059,.435,294,859,.342,485,615,.789,374,1196,483,238,129,366,600,2025
292,Stephen F. Austin,31,14,17,.452,-8.01,-3.29,7,13,8,8,6,9,2065,2118,1255,756,1791,.422,191,659,.290,362,572,.633,407,1165,388,258,130,483,514,2025
293,Stetson,32,8,24,.250,-16.70,-4.70,6,12,5,9,3,11,2293,2608,1290,805,1810,.445,233,686,.340,450,612,.735,270,1056,376,165,99,415,470,2025
294,Stonehill,32,15,17,.469,-13.12,-9.55,7,9,11,3,3,13,2198,2242,1280,759,1748,.434,276,777,.355,404,558,.724,288,1060,461,206,84,388,530,2025
295,Stony Brook,32,8,24,.250,-13.84,-4.42,4,14,5,9,3,13,2128,2372,1280,739,1784,.414,236,700,.337,414,555,.746,335,1059,361,163,66,376,487,2025
296,Syracuse,33,14,19,.424,4.95,8.04,7,13,11,6,2,9,2464,2566,1350,897,1964,.457,211,643,.328,459,651,.705,364,1224,448,161,83,415,542,2025
297,Tarleton State,32,12,20,.375,-10.31,-0.31,7,9,10,3,1,14,2025,2227,1280,697,1614,.432,132,408,.324,499,681,.733,303,971,338,300,115,562,612,2025
298,TCU,32,16,16,.500,10.49,11.64,9,11,14,3,2,9,2162,2199,1285,780,1875,.416,195,650,.300,407,629,.647,385,1114,389,243,110,372,501,2025
299,Temple,32,17,15,.531,-0.24,-0.37,9,9,12,2,3,9,2520,2487,1310,840,1875,.448,216,597,.362,624,848,.736,359,1165,347,205,119,351,575,2025
300,Tennessee NCAA,38,30,8,.789,24.20,13.25,12,6,16,1,6,5,2813,2397,1520,967,2138,.452,313,927,.338,566,760,.745,437,1382,586,263,181,397,579,2025
301,Tennessee State,33,17,16,.515,-8.01,-8.71,12,8,12,3,4,10,2577,2418,1350,909,1964,.463,219,673,.325,540,793,.681,428,1338,440,237,127,506,625,2025
302,Tennessee Tech,32,15,17,.469,-11.09,-7.82,10,10,9,5,5,10,2308,2371,1290,810,1874,.432,309,878,.352,379,543,.698,277,1110,486,203,88,372,424,2025
303,Tennessee-Martin,33,14,19,.424,-11.18,-8.18,9,11,8,5,5,12,2455,2373,1350,836,1997,.419,306,949,.322,477,682,.699,453,1301,447,267,93,433,556,2025
304,Texas NCAA,35,19,16,.543,15.65,9.79,6,12,11,7,4,6,2747,2542,1420,956,2067,.463,264,729,.362,569,760,.749,356,1248,452,219,150,348,654,2025
305,Texas A&M NCAA,34,23,11,.676,19.30,13.39,11,7,13,3,5,5,2537,2336,1370,857,2050,.418,237,773,.307,586,847,.692,543,1395,406,257,137,414,594,2025
306,Texas A&M-Corpus Christi,34,20,14,.588,-0.99,-3.39,12,8,15,2,4,11,2576,2291,1360,968,1976,.490,199,580,.343,441,699,.631,381,1240,509,268,121,408,602,2025
307,Texas Southern,32,15,17,.469,-10.27,-8.23,12,6,9,4,6,12,2325,2307,1290,846,1974,.429,233,697,.334,400,554,.722,368,1201,438,274,109,444,538,2025
308,Texas State,32,16,16,.500,-3.60,-3.77,9,9,10,4,4,10,2439,2346,1310,867,1869,.464,190,518,.367,515,681,.756,389,1184,465,227,129,393,584,2025
309,Texas Tech NCAA,37,28,9,.757,23.05,10.62,15,5,15,3,8,2,2993,2533,1505,1059,2274,.466,371,1011,.367,504,663,.760,438,1371,606,232,115,356,581,2025
310,Texas-Rio Grande Valley,31,16,15,.516,-6.05,-3.38,8,12,12,4,2,11,2378,2294,1240,872,1965,.444,328,997,.329,306,433,.707,365,1165,534,235,87,417,510,2025
311,The Citadel,30,5,25,.167,-18.37,-4.49,0,18,5,12,0,12,1997,2251,1215,706,1685,.419,226,766,.295,359,582,.617,318,1032,368,180,61,376,483,2025
312,Toledo,33,18,15,.545,-6.03,-2.78,10,8,9,4,6,9,2603,2645,1325,937,2019,.464,193,574,.336,536,715,.750,357,1123,438,178,91,310,523,2025
313,Towson,33,22,11,.667,-1.92,-3.57,16,2,12,1,9,5,2309,2201,1335,836,1988,.421,253,750,.337,384,563,.682,433,1213,351,213,110,309,528,2025
314,Troy NCAA,34,23,11,.676,3.55,-2.10,13,5,11,4,9,6,2495,2235,1360,851,1954,.436,261,878,.297,532,741,.718,471,1311,473,321,157,458,562,2025
315,Tulane,34,19,15,.559,1.24,-0.73,12,6,14,3,4,7,2533,2393,1365,874,1936,.451,261,766,.341,524,692,.757,313,1176,500,250,151,369,581,2025
316,Tulsa,33,13,20,.394,-5.93,-1.90,6,12,8,9,3,8,2352,2430,1340,829,1910,.434,262,813,.322,430,645,.667,321,1178,450,202,90,377,514,2025
317,UAB,37,24,13,.649,4.70,-0.10,13,5,14,4,7,6,3040,2822,1490,1111,2437,.456,243,719,.338,575,753,.764,536,1485,596,248,155,368,575,2025
318,UC Davis,32,15,17,.469,-6.41,-1.51,9,11,8,6,7,10,2175,2249,1285,737,1784,.413,203,625,.325,498,670,.743,326,1057,354,252,115,424,577,2025
319,UC Irvine,39,32,7,.821,7.60,-0.80,17,3,13,2,14,3,2962,2613,1585,1017,2238,.454,278,782,.355,650,819,.794,361,1495,612,256,134,495,609,2025
320,UC Riverside,34,21,13,.618,-1.47,0.38,14,6,14,1,7,11,2542,2550,1380,903,2119,.426,306,907,.337,430,569,.756,422,1264,449,186,82,380,613,2025
321,UC San Diego NCAA,35,30,5,.857,12.63,-1.92,18,2,13,2,12,2,2777,2163,1400,954,2058,.464,375,1035,.362,494,662,.746,319,1190,550,345,74,305,576,2025
322,UC Santa Barbara,34,21,13,.618,0.28,-3.50,11,9,12,5,7,7,2527,2340,1360,875,1891,.463,340,893,.381,437,572,.764,303,1153,508,205,106,416,570,2025
323,UCF,37,20,17,.541,10.59,11.22,7,13,13,5,2,8,2951,2974,1505,991,2326,.426,328,971,.338,641,827,.775,453,1366,516,281,163,452,638,2025
324,UCLA NCAA,34,23,11,.676,19.68,10.71,13,7,15,2,5,5,2522,2217,1360,909,1960,.464,252,715,.352,450,634,.710,366,1109,555,275,107,359,586,2025
325,UNC Asheville,32,21,11,.656,-5.36,-4.71,11,5,13,1,6,9,2630,2450,1295,942,1993,.473,255,732,.348,491,686,.716,362,1125,449,240,134,334,619,2025
326,UNC Greensboro,32,20,12,.625,-0.99,-4.13,13,5,11,3,8,6,2332,2092,1280,818,1850,.442,294,790,.372,402,547,.735,350,1174,416,192,91,316,519,2025
327,UNC Wilmington NCAA,35,27,8,.771,2.36,-3.95,14,4,15,3,9,4,2771,2459,1415,971,2067,.470,255,758,.336,574,765,.750,436,1358,538,224,120,385,585,2025
328,UT Arlington,31,13,18,.419,-5.55,-2.83,6,10,9,4,3,11,2302,2320,1255,799,1793,.446,269,759,.354,435,658,.661,361,1132,436,184,99,418,558,2025
329,Utah,33,16,17,.485,11.44,8.50,8,12,15,4,1,9,2493,2396,1325,875,1961,.446,281,860,.327,462,721,.641,417,1312,574,211,120,409,611,2025
330,Utah State NCAA,34,26,8,.765,13.56,5.35,15,5,15,2,7,4,2716,2381,1360,953,1970,.484,300,842,.356,510,726,.702,395,1177,583,291,94,364,617,2025
331,Utah Tech,33,7,26,.212,-10.29,-1.65,2,14,5,8,0,16,2305,2508,1325,810,1908,.425,246,738,.333,439,632,.695,332,1090,418,213,106,417,634,2025
332,Utah Valley,34,25,9,.735,1.91,-3.31,15,1,12,0,10,7,2584,2322,1370,912,1948,.468,205,612,.335,555,806,.689,369,1299,531,226,191,415,560,2025
333,UTEP,33,18,15,.545,-0.63,0.34,7,11,11,5,4,8,2392,2335,1325,825,1879,.439,241,686,.351,501,701,.715,295,1029,434,337,99,391,596,2025
334,UTSA,31,12,19,.387,-2.55,0.52,6,12,7,7,4,11,2378,2382,1250,816,1929,.423,308,853,.361,438,553,.792,332,1003,393,294,107,339,564,2025
335,Valparaiso,34,15,19,.441,-2.90,-0.12,6,14,10,7,3,10,2539,2513,1375,873,2044,.427,263,783,.336,530,671,.790,340,1172,409,199,127,331,557,2025
336,Vanderbilt NCAA,33,20,13,.606,14.66,10.05,8,10,14,3,3,7,2604,2452,1325,915,2034,.450,267,822,.325,507,680,.746,379,1145,459,295,129,336,592,2025
337,Vermont,33,21,12,.636,-8.06,-7.61,13,3,13,3,7,8,2199,2106,1320,776,1789,.434,256,775,.330,391,543,.720,291,1125,398,184,147,371,452,2025
338,Villanova,36,21,15,.583,13.28,7.45,11,9,14,3,3,8,2664,2454,1445,926,2015,.460,344,881,.390,468,588,.796,344,1231,448,203,84,352,565,2025
339,Virginia,32,15,17,.469,5.71,7.71,8,12,10,7,4,7,2073,2137,1280,739,1656,.446,266,709,.375,329,437,.753,216,937,470,176,120,323,489,2025
340,Virginia Commonwealth NCAA,35,28,7,.800,14.45,1.30,15,3,15,1,7,3,2693,2201,1405,929,2088,.445,337,1002,.336,498,670,.743,463,1337,524,282,190,394,632,2025
341,VMI,34,15,19,.441,-11.25,-4.88,7,11,7,7,5,10,2492,2487,1365,833,1954,.426,303,932,.325,523,687,.761,339,1180,427,269,89,408,549,2025
342,Virginia Tech,32,13,19,.406,2.62,6.62,8,12,8,9,5,5,2213,2341,1295,785,1778,.442,252,719,.350,391,548,.714,325,1066,404,174,62,430,544,2025
343,Wagner,30,14,16,.467,-15.75,-10.29,6,10,8,6,6,10,1874,1818,1215,663,1635,.406,207,620,.334,341,483,.706,340,1046,378,212,47,353,512,2025
344,Wake Forest,32,21,11,.656,9.63,7.47,13,7,13,3,6,6,2246,2177,1280,790,1782,.443,179,628,.285,487,644,.756,284,1061,362,230,126,362,527,2025
345,Washington,31,13,18,.419,6.26,10.76,4,16,9,9,2,9,2219,2339,1250,788,1771,.445,218,633,.344,425,623,.682,296,1011,399,200,120,373,569,2025
346,Washington State,34,19,15,.559,4.67,4.32,8,10,10,4,4,7,2683,2671,1365,968,1971,.491,295,814,.362,452,645,.701,337,1163,574,218,165,495,645,2025
347,Weber State,34,12,22,.353,-9.64,-3.16,5,13,5,10,4,11,2443,2443,1370,866,1903,.455,252,727,.347,459,653,.703,289,1140,389,221,82,373,606,2025
348,West Georgia,31,6,25,.194,-15.57,-4.50,4,14,4,8,2,15,2140,2426,1241,803,1848,.435,168,557,.302,366,528,.693,295,1016,418,216,92,351,493,2025
349,West Virginia,32,19,13,.594,14.89,11.54,10,10,13,4,4,7,2181,2074,1300,782,1842,.425,277,849,.326,340,472,.720,288,1064,442,242,131,344,532,2025
350,Western Carolina,30,8,22,.267,-15.83,-2.35,4,14,7,7,1,14,2090,2371,1215,720,1828,.394,272,892,.305,378,507,.746,310,1152,362,158,93,420,509,2025
351,Western Illinois,31,12,19,.387,-15.22,-8.50,6,14,8,7,4,11,2130,2211,1250,774,1759,.440,248,661,.375,334,483,.692,317,1079,317,168,116,373,443,2025
352,Western Kentucky,32,17,15,.531,-0.50,1.00,8,10,13,5,4,9,2395,2392,1285,843,1997,.422,262,797,.329,447,617,.724,297,1188,382,259,85,352,585,2025
353,Western Michigan,32,12,20,.375,-9.55,-4.17,9,9,6,9,6,10,2306,2433,1280,850,1993,.426,190,662,.287,414,616,.672,423,1208,398,222,75,352,574,2025
354,Wichita State,34,19,15,.559,2.29,1.81,8,10,11,6,5,7,2516,2485,1370,909,2041,.445,176,577,.305,522,717,.728,397,1311,402,229,151,394,519,2025
355,William & Mary,32,17,15,.531,-6.26,-4.26,11,7,12,2,4,11,2487,2445,1280,842,1858,.453,336,960,.350,467,646,.723,298,1102,529,232,58,407,570,2025
356,Winthrop,34,23,11,.676,-1.68,-4.17,11,5,16,2,5,8,2879,2651,1375,978,2064,.474,275,804,.342,648,970,.668,421,1312,439,270,114,446,672,2025
357,Wisconsin NCAA,37,27,10,.730,20.73,11.49,13,7,14,3,6,5,2964,2622,1485,991,2184,.454,366,1052,.348,616,746,.826,347,1350,537,190,87,356,611,2025
358,Wofford NCAA,35,19,16,.543,-0.13,-2.34,10,8,7,6,8,8,2623,2451,1410,935,2068,.452,340,992,.343,413,626,.660,453,1337,524,209,88,383,592,2025
359,Wright State,33,15,18,.455,-4.89,-3.79,8,12,11,4,3,12,2551,2520,1335,952,1928,.494,279,726,.384,368,521,.706,307,1139,502,188,103,401,556,2025
360,Wyoming,32,12,20,.375,-0.67,4.21,5,15,8,7,3,10,2149,2277,1285,779,1778,.438,243,710,.342,348,534,.652,337,1114,373,141,89,412,617,2025
361,Xavier NCAA,34,22,12,.647,15.25,8.72,13,7,15,2,5,7,2656,2434,1370,905,1938,.467,285,728,.391,561,711,.789,264,1131,568,263,86,371,533,2025
362,Yale NCAA,30,22,8,.733,6.66,-3.10,13,1,11,0,7,6,2439,2102,1200,896,1830,.490,229,591,.387,418,573,.729,329,1151,492,173,108,302,489,2025
363,Youngstown State,34,21,13,.618,-3.85,-4.98,13,7,10,5,9,6,2599,2446,1370,884,2028,.436,299,934,.320,532,726,.733,378,1242,469,236,179,416,624,2025
